<?xml version="1.0" encoding="UTF-8"?>
<project-private xmlns="http://www.netbeans.org/ns/project-private/1">
    <editor-bookmarks xmlns="http://www.netbeans.org/ns/editor-bookmarks/2" lastBookmarkId="0"/>
    <open-files xmlns="http://www.netbeans.org/ns/projectui-open-files/2">
        <group>
            <file>file:/C:/Users/Paty/Desktop/CLASES%20PATY%202021-1/CLASES%202022-1/MPOO%202023-2/PRACTICAS%202023-1/P10%20UNAM%20polimorfismo%20(1a.%20parte)%20MediosALmacenamiento/Alumnos/PolimorfismoMedioAlmacenamiento/src/PolimorfismoMedioAlmacenamiento/Usb.java</file>
            <file>file:/C:/Users/Paty/Desktop/CLASES%20PATY%202021-1/CLASES%202022-1/MPOO%202023-2/PRACTICAS%202023-1/P10%20UNAM%20polimorfismo%20(1a.%20parte)%20MediosALmacenamiento/Alumnos/PolimorfismoMedioAlmacenamiento/src/PolimorfismoMedioAlmacenamiento/MedioAlmacenamiento.java</file>
            <file>file:/C:/Users/Paty/Desktop/CLASES%20PATY%202021-1/CLASES%202022-1/MPOO%202023-2/PRACTICAS%202023-1/P10%20UNAM%20polimorfismo%20(1a.%20parte)%20MediosALmacenamiento/Alumnos/PolimorfismoMedioAlmacenamiento/src/PolimorfismoMedioAlmacenamiento/Registrador.java</file>
            <file>file:/C:/Users/Paty/Desktop/CLASES%20PATY%202021-1/CLASES%202022-1/MPOO%202023-2/PRACTICAS%202023-1/P10%20UNAM%20polimorfismo%20(1a.%20parte)%20MediosALmacenamiento/Alumnos/PolimorfismoMedioAlmacenamiento/src/PolimorfismoMedioAlmacenamiento/MedioLocal.java</file>
            <file>file:/C:/Users/Paty/Desktop/CLASES%20PATY%202021-1/CLASES%202022-1/MPOO%202023-2/PRACTICAS%202023-1/P10%20UNAM%20polimorfismo%20(1a.%20parte)%20MediosALmacenamiento/Alumnos/PolimorfismoMedioAlmacenamiento/src/PolimorfismoMedioAlmacenamiento/Disco.java</file>
        </group>
    </open-files>
</project-private>
